task,v_mean,v_std
forward_mixed,5.419708474921076,0.3444061750953274
