task,v_mean,v_std
forward_mixed_,6.415270956531937,0.4821815552133203
