task,v_mean,v_std
forward_5,5.100987157855518,0.30841385595663323
forward_6,5.963884929914121,0.4006276470538421
forward_7,7.0230349596784185,0.5857198763756655
forward_8,7.515712281944173,0.7631951609025946
forward_9,7.733375634439065,0.8551246779432574
forward_10,7.84836096922942,0.9255222195687882
