task,v_mean,v_std
forward_5,5.026923084943375,0.6111424692534503
forward_6,5.845234768984541,0.6290573502803686
forward_7,6.581737550763279,0.7035650936173196
forward_8,7.315727201980126,0.8305818172577281
forward_9,7.423801319129135,0.8489581307099143
forward_10,7.5539316285331575,0.8919533215307024
